<BackupInst xmlns="http://www.microsoft.com/GroupPolicy/GPOOperations/Manifest"><GPOGuid><![CDATA[{C407AA42-22E0-4AA6-93B0-53C295B2977C}]]></GPOGuid><GPODomain><![CDATA[fedelect.gov]]></GPODomain><GPODomainGuid><![CDATA[{62a4b6b9-25bc-4ccb-b80f-b86c8298bac8}]]></GPODomainGuid><GPODomainController><![CDATA[scablands.fedelect.gov]]></GPODomainController><BackupTime><![CDATA[2020-01-25T05:09:35]]></BackupTime><ID><![CDATA[{4E2C4675-29CF-480E-BE47-DE011409B238}]]></ID><Comment><![CDATA[Safest, minimal]]></Comment><GPODisplayName><![CDATA[Safe]]></GPODisplayName></BackupInst>
